date,ACH,Bitcoin,Cash,Cheque,Credit Card,Reinvestment,Wire
2022-09-01,86544,31449,66936,256716,166820,481056,25400
2022-09-02,101536,21162,84968,307524,210952,0,28307
2022-09-03,29458,6144,20267,79430,64835,0,7248
2022-09-04,29548,6137,20267,79386,64835,0,7257
2022-09-05,58492,14149,51680,198582,141409,0,18338
2022-09-06,58006,14078,51679,198577,141409,0,18340
2022-09-07,58471,14296,51679,198549,141410,0,18346
2022-09-08,58439,14347,51678,198559,141407,0,18343
2022-09-09,88784,18198,71471,267574,185411,0,23029
2022-09-10,30411,6131,20266,79434,64836,0,7247
2022-09-11,396,0,0,0,0,0,0
2022-09-12,281,0,0,0,0,0,0
2022-09-13,184,0,0,0,0,0,0
2022-09-14,121,0,0,0,0,0,0
2022-09-15,46,0,0,0,0,0,0
2022-09-16,46,0,0,0,0,0,0
2022-09-17,23,0,0,0,0,0,0
2022-09-18,11,0,0,0,0,0,0
