split,payment_format,transactions,laundering_transactions,laundering_rate_pct
train,ACH,175504,1583,0.9019737441881667
train,Bitcoin,40508,24,0.05924755603831342
train,Cash,143893,29,0.02015386432974502
train,Cheque,555975,97,0.01744682764512793
train,Credit Card,412488,67,0.01624289676305735
train,Wire,51183,0,0.0
validation,ACH,116910,890,0.761269352493371
validation,Bitcoin,28643,12,0.041895052892504274
validation,Cash,103357,25,0.024188008552879826
validation,Cheque,397108,59,0.014857419140384983
validation,Credit Card,282817,50,0.017679276705431426
validation,Wire,36689,0,0.0
